db,type,length
REFSEQ,contig,0.010706
REFSEQ,contig,0.197123
REFSEQ,contig,1.911129
REFSEQ,contig,0.513796
REFSEQ,contig,1.360794
REFSEQ,contig,0.762959
REFSEQ,contig,0.389956
REFSEQ,contig,0.112849
REFSEQ,contig,0.64183
REFSEQ,contig,0.104353
REFSEQ,contig,1.082281
REFSEQ,contig,1.652616
REFSEQ,contig,0.088641
REFSEQ,contig,0.086088
REFSEQ,contig,0.351671
REFSEQ,contig,1.07804
REFSEQ,contig,0.080015
REFSEQ,contig,0.340231
REFSEQ,contig,4.884963
REFSEQ,contig,1.190932
REFSEQ,contig,0.072984
REFSEQ,contig,0.121458
REFSEQ,contig,1.142224
REFSEQ,contig,0.073438
REFSEQ,contig,0.581688
REFSEQ,contig,0.371169
REFSEQ,contig,0.228961
REFSEQ,contig,0.04087
REFSEQ,contig,0.051084
REFSEQ,contig,2.355451
REFSEQ,contig,0.658679
REFSEQ,contig,0.303017
REFSEQ,contig,0.532011
REFSEQ,contig,1.278612
REFSEQ,contig,1.307779
REFSEQ,contig,0.25222
REFSEQ,contig,1.47076
REFSEQ,contig,0.471502
REFSEQ,contig,0.248343
REFSEQ,contig,0.65096
REFSEQ,contig,0.044633
REFSEQ,contig,0.317029
REFSEQ,contig,0.439104
REFSEQ,contig,0.398606
REFSEQ,contig,1.261748
REFSEQ,contig,0.022472
REFSEQ,contig,0.044742
REFSEQ,contig,0.165619
REFSEQ,contig,0.016345
REFSEQ,contig,0.193838
REFSEQ,contig,0.221628
REFSEQ,contig,0.365389
REFSEQ,contig,0.941967
REFSEQ,contig,1.365487
REFSEQ,contig,0.435157
REFSEQ,contig,1.560556
REFSEQ,contig,0.173673
REFSEQ,contig,1.020966
REFSEQ,contig,0.665191
REFSEQ,contig,0.959721
REFSEQ,contig,0.544433
REFSEQ,contig,2.668015
REFSEQ,contig,0.014787
REFSEQ,contig,0.005634
REFSEQ,contig,0.063411
REFSEQ,contig,0.177432
REFSEQ,contig,0.29617
REFSEQ,contig,0.177421
REFSEQ,contig,0.160254
REFSEQ,contig,0.045428
REFSEQ,contig,0.20716
REFSEQ,contig,0.644217
REFSEQ,contig,0.079854
REFSEQ,contig,0.145171
REFSEQ,contig,0.322261
REFSEQ,contig,0.590991
REFSEQ,contig,0.01638
REFSEQ,contig,1.055485
REFSEQ,contig,0.041222
REFSEQ,contig,0.001963
REFSEQ,contig,0.0433
REFSEQ,contig,0.033367
REFSEQ,contig,0.494872
REFSEQ,contig,0.412736
REFSEQ,contig,2.270827
REFSEQ,contig,0.217826
REFSEQ,contig,0.004236
REFSEQ,contig,1.16563
REFSEQ,contig,0.226216
REFSEQ,contig,1.340437
REFSEQ,contig,0.08516
REFSEQ,contig,0.110769
REFSEQ,contig,0.161062
REFSEQ,contig,0.106996
REFSEQ,contig,1.444466
REFSEQ,contig,1.485982
REFSEQ,contig,0.077013
REFSEQ,contig,0.119211
REFSEQ,contig,0.252332
REFSEQ,contig,0.604986
REFSEQ,contig,0.124603
REFSEQ,contig,0.041232
REFSEQ,contig,0.376824
REFSEQ,contig,0.369945
REFSEQ,contig,1.858413
REFSEQ,contig,2.055321
REFSEQ,contig,1.171433
REFSEQ,contig,1.347629
REFSEQ,contig,0.037509
REFSEQ,contig,0.051297
REFSEQ,contig,0.04917
REFSEQ,contig,1.481371
REFSEQ,contig,0.088492
REFSEQ,contig,0.065525
REFSEQ,contig,0.34824
REFSEQ,contig,0.547749
REFSEQ,contig,0.080684
REFSEQ,contig,0.009176
REFSEQ,contig,0.085757
REFSEQ,contig,0.154209
REFSEQ,contig,0.407918
REFSEQ,contig,3.192856
REFSEQ,contig,0.619666
REFSEQ,contig,0.157278
REFSEQ,contig,2.119819
REFSEQ,contig,0.270637
REFSEQ,contig,1.93406
REFSEQ,contig,1.190097
REFSEQ,contig,3.283068
REFSEQ,contig,0.087675
REFSEQ,contig,0.505435
REFSEQ,contig,0.467397
REFSEQ,contig,0.111569
REFSEQ,contig,0.032728
REFSEQ,contig,0.090684
REFSEQ,contig,0.005151
REFSEQ,contig,0.818293
REFSEQ,contig,0.021938
REFSEQ,contig,0.696988
REFSEQ,contig,0.912621
REFSEQ,contig,0.078795
REFSEQ,contig,0.68263
REFSEQ,contig,0.436861
REFSEQ,contig,0.638423
REFSEQ,contig,0.422812
REFSEQ,contig,0.239357
REFSEQ,contig,1.171924
REFSEQ,contig,0.311311
REFSEQ,contig,0.408537
REFSEQ,contig,0.314489
REFSEQ,contig,0.281298
REFSEQ,contig,0.465074
REFSEQ,contig,0.173423
REFSEQ,contig,0.831191
REFSEQ,contig,0.202326
REFSEQ,contig,0.330555
REFSEQ,contig,1.155098
REFSEQ,contig,0.086239
REFSEQ,contig,0.084317
REFSEQ,contig,0.195359
REFSEQ,contig,0.107371
REFSEQ,contig,0.345635
REFSEQ,contig,0.054344
REFSEQ,contig,0.619011
REFSEQ,contig,0.444469
REFSEQ,contig,0.313473
REFSEQ,contig,0.078291
REFSEQ,contig,0.391939
REFSEQ,contig,0.200733
REFSEQ,contig,0.011546
REFSEQ,contig,0.103202
REFSEQ,contig,0.511474
REFSEQ,contig,0.435976
REFSEQ,contig,0.989658
REFSEQ,contig,0.403233
REFSEQ,contig,0.354097
REFSEQ,contig,0.9059
REFSEQ,contig,0.077992
REFSEQ,contig,0.09053
REFSEQ,contig,0.063094
REFSEQ,contig,0.499876
REFSEQ,contig,0.579931
REFSEQ,contig,0.097406
REFSEQ,contig,0.549992
REFSEQ,contig,0.796617
REFSEQ,contig,0.698943
REFSEQ,contig,0.269356
REFSEQ,contig,0.268862
REFSEQ,contig,0.175801
REFSEQ,contig,0.262365
REFSEQ,contig,0.339259
REFSEQ,contig,0.212178
REFSEQ,contig,0.248001
REFSEQ,contig,0.211034
REFSEQ,contig,0.759951
REFSEQ,contig,0.305173
REFSEQ,contig,0.224232
REFSEQ,contig,0.434948
REFSEQ,contig,0.291853
REFSEQ,contig,0.226839
REFSEQ,contig,0.601799
REFSEQ,contig,0.316722
ENSEMBL,contig,0.009284
ENSEMBL,contig,0.016201
ENSEMBL,contig,0.009601
ENSEMBL,contig,0.053776
ENSEMBL,contig,0.016447
ENSEMBL,contig,0.574347
ENSEMBL,contig,0.424552
ENSEMBL,contig,0.037581
ENSEMBL,contig,0.003308
ENSEMBL,contig,0.002506
ENSEMBL,contig,0.028691
ENSEMBL,contig,0.607476
ENSEMBL,contig,0.189482
ENSEMBL,contig,1.476366
ENSEMBL,contig,0.323561
ENSEMBL,contig,0.104188
ENSEMBL,contig,0.282456
ENSEMBL,contig,0.251836
ENSEMBL,contig,0.054567
ENSEMBL,contig,0.084664
ENSEMBL,contig,0.353396
ENSEMBL,contig,0.535724
ENSEMBL,contig,0.044332
ENSEMBL,contig,0.198061
ENSEMBL,contig,0.425403
ENSEMBL,contig,0.04074
ENSEMBL,contig,0.113314
ENSEMBL,contig,0.539838
ENSEMBL,contig,0.041446
ENSEMBL,contig,1.243508
ENSEMBL,contig,0.347058
ENSEMBL,contig,1.656382
ENSEMBL,contig,0.789383
ENSEMBL,contig,0.380757
ENSEMBL,contig,0.123257
ENSEMBL,contig,1.812829
ENSEMBL,contig,1.475826
ENSEMBL,contig,0.053006
ENSEMBL,contig,0.032863
ENSEMBL,contig,0.006874
ENSEMBL,contig,0.178005
ENSEMBL,contig,0.165139
ENSEMBL,contig,0.0092
ENSEMBL,contig,1.565899
ENSEMBL,contig,0.053285
ENSEMBL,contig,0.006434
ENSEMBL,contig,0.242228
ENSEMBL,contig,0.360339
ENSEMBL,contig,1.146452
ENSEMBL,contig,1.08274
ENSEMBL,contig,0.0318
ENSEMBL,contig,0.050636
ENSEMBL,contig,0.660346
ENSEMBL,contig,1.180444
ENSEMBL,contig,0.177593
ENSEMBL,contig,0.550003
ENSEMBL,contig,0.013233
ENSEMBL,contig,0.161902
ENSEMBL,contig,0.349673
ENSEMBL,contig,0.315783
ENSEMBL,contig,0.194635
ENSEMBL,contig,0.06829
ENSEMBL,contig,0.006192
ENSEMBL,contig,1.170426
ENSEMBL,contig,0.14455
ENSEMBL,contig,2.958491
ENSEMBL,contig,0.021371
ENSEMBL,contig,0.161725
ENSEMBL,contig,0.545014
ENSEMBL,contig,0.051509
ENSEMBL,contig,0.227147
ENSEMBL,contig,0.049372
ENSEMBL,contig,0.037664
ENSEMBL,contig,0.017987
ENSEMBL,contig,0.022153
ENSEMBL,contig,2.508027
ENSEMBL,contig,0.744265
ENSEMBL,contig,0.008492
ENSEMBL,contig,0.397991
ENSEMBL,contig,0.086552
ENSEMBL,contig,0.142066
ENSEMBL,contig,0.094349
ENSEMBL,contig,0.340241
ENSEMBL,contig,0.039775
ENSEMBL,contig,0.028735
ENSEMBL,contig,0.062015
ENSEMBL,contig,0.13823
ENSEMBL,contig,0.302884
ENSEMBL,contig,0.246927
ENSEMBL,contig,0.182446
ENSEMBL,contig,0.204666
ENSEMBL,contig,0.258906
ENSEMBL,contig,0.284308
ENSEMBL,contig,0.326969
ENSEMBL,contig,0.306575
ENSEMBL,contig,0.295292
ENSEMBL,contig,0.264933
ENSEMBL,contig,0.327793
ENSEMBL,contig,0.319931
ENSEMBL,contig,0.269812
ENSEMBL,contig,0.298479
ENSEMBL,contig,0.288109
ENSEMBL,contig,0.386653
ENSEMBL,contig,0.330333
ENSEMBL,contig,0.213149
ENSEMBL,contig,0.2499
ENSEMBL,contig,0.334114
ENSEMBL,contig,0.2584
ENSEMBL,contig,0.406986
ENSEMBL,contig,0.194073
ENSEMBL,contig,0.660201
ENSEMBL,contig,0.216991
ENSEMBL,contig,0.128351
ENSEMBL,contig,0.108571
ENSEMBL,contig,0.088986
ENSEMBL,contig,0.071471
ENSEMBL,contig,0.098778
ENSEMBL,contig,0.075514
ENSEMBL,contig,0.068958
ENSEMBL,contig,0.004425
ENSEMBL,contig,1.537719
ENSEMBL,contig,0.834611
ENSEMBL,contig,0.436948
ENSEMBL,contig,0.644254
ENSEMBL,contig,2.385146
ENSEMBL,contig,1.631667
ENSEMBL,contig,0.05469
ENSEMBL,contig,0.024381
ENSEMBL,contig,0.95857
ENSEMBL,contig,1.371134
ENSEMBL,contig,0.010512
ENSEMBL,contig,0.622216
ENSEMBL,contig,1.375733
ENSEMBL,contig,1.551213
ENSEMBL,contig,0.157925
ENSEMBL,contig,0.325822
ENSEMBL,contig,3.543522
ENSEMBL,contig,0.170808
ENSEMBL,contig,1.366394
ENSEMBL,contig,0.050798
ENSEMBL,contig,0.948004
ENSEMBL,contig,0.097467
ENSEMBL,contig,4.318981
ENSEMBL,contig,0.499302
ENSEMBL,contig,3.18522
ENSEMBL,contig,0.519197
ENSEMBL,contig,0.095448
ENSEMBL,contig,0.045456
ENSEMBL,contig,0.011923
ENSEMBL,contig,0.045554
ENSEMBL,contig,0.08028
ENSEMBL,contig,0.004876
ENSEMBL,contig,0.345206
ENSEMBL,contig,0.018816
ENSEMBL,contig,0.052261
ENSEMBL,contig,0.026958
ENSEMBL,contig,0.027177
ENSEMBL,contig,0.153776
ENSEMBL,contig,0.017716
ENSEMBL,contig,0.055237
ENSEMBL,contig,0.029252
ENSEMBL,contig,0.051354
ENSEMBL,contig,0.038635
ENSEMBL,contig,0.319171
ENSEMBL,contig,0.208013
ENSEMBL,contig,0.172316
ENSEMBL,contig,0.006359
ENSEMBL,contig,0.137166
ENSEMBL,contig,0.006978
ENSEMBL,contig,0.278356
ENSEMBL,contig,1.025167
ENSEMBL,contig,1.370067
ENSEMBL,contig,1.145348
ENSEMBL,contig,0.236174
ENSEMBL,contig,0.388199
ENSEMBL,contig,0.2009
ENSEMBL,contig,0.537194
ENSEMBL,contig,0.351835
ENSEMBL,contig,0.063704
ENSEMBL,contig,0.081115
ENSEMBL,contig,0.342581
ENSEMBL,contig,0.744077
ENSEMBL,contig,0.168501
ENSEMBL,contig,0.843048
ENSEMBL,contig,0.740373
ENSEMBL,contig,0.131704
ENSEMBL,contig,0.711012
ENSEMBL,contig,0.656644
ENSEMBL,contig,0.739242
ENSEMBL,contig,0.527698
ENSEMBL,contig,0.112028
ENSEMBL,contig,0.495456
ENSEMBL,contig,1.662339
ENSEMBL,contig,0.174136
ENSEMBL,contig,0.027937
ENSEMBL,contig,1.539926
ENSEMBL,contig,0.302961
ENSEMBL,contig,0.031423
ENSEMBL,contig,0.093224
ENSEMBL,contig,0.022029
ENSEMBL,contig,0.816534
ENSEMBL,contig,0.020191
ENSEMBL,contig,0.003532
ENSEMBL,contig,0.080182
ENSEMBL,contig,0.196504
ENSEMBL,contig,0.329468
ENSEMBL,contig,0.054379
ENSEMBL,contig,1.535531
ENSEMBL,contig,0.013427
ENSEMBL,contig,0.215254
ENSEMBL,contig,0.036531
ENSEMBL,contig,0.020055
ENSEMBL,contig,0.017998
ENSEMBL,contig,0.008496
ENSEMBL,contig,0.006796
ENSEMBL,contig,0.155088
ENSEMBL,contig,0.21286
ENSEMBL,contig,0.085219
ENSEMBL,contig,0.055928
ENSEMBL,contig,0.041572
ENSEMBL,contig,0.002251
ENSEMBL,contig,0.053344
ENSEMBL,contig,0.005859
ENSEMBL,contig,0.008994
ENSEMBL,contig,0.953523
ENSEMBL,contig,0.023524
ENSEMBL,contig,0.046119
ENSEMBL,contig,0.279859
ENSEMBL,contig,2.678321
ENSEMBL,contig,3.296579
ENSEMBL,contig,0.271751
ENSEMBL,contig,5.99722
ENSEMBL,contig,1.194995
ENSEMBL,contig,2.128542
ENSEMBL,contig,0.033505
ENSEMBL,contig,0.050524
ENSEMBL,contig,0.058522
ENSEMBL,contig,0.045615
ENSEMBL,contig,0.083942
ENSEMBL,contig,0.619683
ENSEMBL,contig,0.110542
ENSEMBL,contig,0.208264
ENSEMBL,contig,0.507515
ENSEMBL,contig,0.133138
ENSEMBL,contig,3.205995
ENSEMBL,contig,0.006553
ENSEMBL,contig,0.234378
ENSEMBL,contig,0.052472
ENSEMBL,contig,0.014946
ENSEMBL,contig,0.001847
ENSEMBL,contig,0.024065
ENSEMBL,contig,0.185289
ENSEMBL,contig,0.05151
ENSEMBL,contig,0.407188
ENSEMBL,contig,0.289903
ENSEMBL,contig,0.021343
ENSEMBL,contig,0.036131
ENSEMBL,contig,0.064057
ENSEMBL,contig,0.113226
ENSEMBL,contig,0.127441
ENSEMBL,contig,0.047935
ENSEMBL,contig,0.118871
ENSEMBL,contig,0.12005
ENSEMBL,contig,0.044655
ENSEMBL,contig,0.054614
ENSEMBL,contig,0.048666
ENSEMBL,contig,1.436299
ENSEMBL,contig,0.283126
ENSEMBL,contig,0.054894
ENSEMBL,contig,0.029369
ENSEMBL,contig,0.059638
ENSEMBL,contig,0.086069
ENSEMBL,contig,0.145909
ENSEMBL,contig,0.053539
ENSEMBL,contig,0.893816
ENSEMBL,contig,0.067789
ENSEMBL,contig,1.820359
ENSEMBL,contig,0.085511
ENSEMBL,contig,0.140929
ENSEMBL,contig,0.314519
ENSEMBL,contig,0.10481
ENSEMBL,contig,0.175938
ENSEMBL,contig,0.04417
ENSEMBL,contig,0.527937
ENSEMBL,contig,0.68468
ENSEMBL,contig,0.497272
ENSEMBL,contig,0.028839
ENSEMBL,contig,0.018011
ENSEMBL,contig,0.220807
ENSEMBL,contig,0.002097
ENSEMBL,contig,0.003574
ENSEMBL,contig,2.280172
ENSEMBL,contig,0.070599
ENSEMBL,contig,0.352147
ENSEMBL,contig,0.824351
ENSEMBL,contig,2.408188
ENSEMBL,contig,0.119929
ENSEMBL,contig,0.064537
ENSEMBL,contig,0.069363
ENSEMBL,contig,0.466987
ENSEMBL,contig,0.124467
ENSEMBL,contig,0.07917
ENSEMBL,contig,0.155236
ENSEMBL,contig,0.391417
ENSEMBL,contig,0.023905
ENSEMBL,contig,0.005803
ENSEMBL,contig,0.014952
ENSEMBL,contig,1.487467
ENSEMBL,contig,2.06378
ENSEMBL,contig,1.866061
ENSEMBL,contig,0.386458
ENSEMBL,contig,0.106087
ENSEMBL,contig,0.62244
ENSEMBL,contig,0.371467
ENSEMBL,contig,0.567141
ENSEMBL,contig,1.176254
ENSEMBL,contig,0.040852
ENSEMBL,contig,0.099185
ENSEMBL,contig,0.469321
ENSEMBL,contig,0.101689
ENSEMBL,contig,0.020804
ENSEMBL,contig,0.603634
ENSEMBL,contig,0.003311
ENSEMBL,contig,0.163105
ENSEMBL,contig,0.421875
ENSEMBL,contig,0.184787
ENSEMBL,contig,0.583909
ENSEMBL,contig,0.033
ENSEMBL,contig,0.046413
ENSEMBL,contig,0.1959
ENSEMBL,contig,0.091058
ENSEMBL,contig,0.119954
ENSEMBL,contig,0.593423
ENSEMBL,contig,0.22254
ENSEMBL,contig,0.1663
ENSEMBL,contig,0.12045
ENSEMBL,contig,0.470554
ENSEMBL,contig,0.528986
ENSEMBL,contig,0.032459
ENSEMBL,contig,0.06814
ENSEMBL,contig,0.10688
ENSEMBL,contig,0.409597
ENSEMBL,contig,0.078488
ENSEMBL,contig,0.03771
ENSEMBL,contig,0.083667
ENSEMBL,contig,0.111919
ENSEMBL,contig,0.340015
ENSEMBL,contig,1.195833
ENSEMBL,contig,0.021587
ENSEMBL,contig,0.228215
ENSEMBL,contig,0.009363
ENSEMBL,contig,0.088856
ENSEMBL,contig,0.048116
ENSEMBL,contig,0.093466
ENSEMBL,contig,0.433792
ENSEMBL,contig,0.001082
ENSEMBL,contig,0.022816
ENSEMBL,contig,0.016181
ENSEMBL,contig,0.107376
ENSEMBL,contig,0.77357
ENSEMBL,contig,0.03228
ENSEMBL,contig,0.078624
ENSEMBL,contig,1.770134
ENSEMBL,contig,0.018242
ENSEMBL,contig,0.69875
ENSEMBL,contig,1.313
ENSEMBL,contig,0.074213
ENSEMBL,contig,0.063672
ENSEMBL,contig,0.079551
ENSEMBL,contig,0.023656
ENSEMBL,contig,0.18109
ENSEMBL,contig,0.024035
ENSEMBL,contig,0.033387
ENSEMBL,contig,0.003175
ENSEMBL,contig,0.109466
ENSEMBL,contig,0.068657
ENSEMBL,contig,0.073741
ENSEMBL,contig,0.114773
ENSEMBL,contig,0.044798
ENSEMBL,contig,0.491317
ENSEMBL,contig,0.131271
ENSEMBL,contig,0.015726
ENSEMBL,contig,0.009926
ENSEMBL,contig,0.010793
ENSEMBL,contig,0.001462
ENSEMBL,contig,1.159852
ENSEMBL,contig,0.47198
ENSEMBL,contig,0.007528
ENSEMBL,contig,0.003817
ENSEMBL,contig,0.741711
ENSEMBL,contig,0.154877
ENSEMBL,contig,0.065004
ENSEMBL,contig,0.021849
ENSEMBL,contig,0.076552
ENSEMBL,contig,0.454526
ENSEMBL,contig,0.534201
ENSEMBL,contig,0.304264
ENSEMBL,contig,0.64105
ENSEMBL,contig,0.00292
ENSEMBL,contig,0.022108
ENSEMBL,contig,0.00776
ENSEMBL,contig,0.107813
ENSEMBL,contig,0.045684
ENSEMBL,contig,0.086593
ENSEMBL,contig,0.135059
ENSEMBL,contig,0.419376
ENSEMBL,contig,0.197747
ENSEMBL,contig,0.316845
ENSEMBL,contig,0.060396
ENSEMBL,contig,0.499723
ENSEMBL,contig,0.263878
ENSEMBL,contig,0.120736
ENSEMBL,contig,0.086112
ENSEMBL,contig,0.018342
ENSEMBL,contig,0.128659
ENSEMBL,contig,0.017735
ENSEMBL,contig,0.322017
ENSEMBL,contig,0.018791
ENSEMBL,contig,0.017155
ENSEMBL,contig,0.031483
ENSEMBL,contig,3.405947
ENSEMBL,contig,0.444807
ENSEMBL,contig,0.614404
ENSEMBL,contig,0.668566
ENSEMBL,contig,0.056512
ENSEMBL,contig,0.388625
ENSEMBL,contig,0.052147
ENSEMBL,contig,0.047875
ENSEMBL,contig,0.042854
ENSEMBL,contig,1.353175
ENSEMBL,contig,0.077334
ENSEMBL,contig,0.039846
ENSEMBL,contig,0.347287
ENSEMBL,contig,0.041392
ENSEMBL,contig,0.699856
ENSEMBL,contig,0.345622
ENSEMBL,contig,2.472454
ENSEMBL,contig,0.235643
ENSEMBL,contig,0.011735
ENSEMBL,contig,0.053482
ENSEMBL,contig,0.685439
ENSEMBL,contig,0.005301
ENSEMBL,contig,0.045664
ENSEMBL,contig,1.176747
ENSEMBL,contig,0.022193
ENSEMBL,contig,0.084356
ENSEMBL,contig,0.050668
ENSEMBL,contig,0.118344
ENSEMBL,contig,2.885809
ENSEMBL,contig,0.110985
ENSEMBL,contig,0.125613
ENSEMBL,contig,0.121913
ENSEMBL,contig,0.381146
ENSEMBL,contig,0.390981
ENSEMBL,contig,1.068288
ENSEMBL,contig,0.074401
ENSEMBL,contig,1.345959
ENSEMBL,contig,0.018447
ENSEMBL,contig,0.016881
ENSEMBL,contig,0.438659
ENSEMBL,contig,0.039541
ENSEMBL,contig,0.057343
ENSEMBL,contig,0.034201
ENSEMBL,contig,0.010853
ENSEMBL,contig,0.017146
ENSEMBL,contig,0.008419
ENSEMBL,contig,0.004212
ENSEMBL,contig,0.007991
ENSEMBL,contig,0.007107
ENSEMBL,contig,0.007135
ENSEMBL,contig,0.007848
ENSEMBL,contig,0.008557
ENSEMBL,contig,0.013352
ENSEMBL,contig,0.017526
ENSEMBL,contig,0.005826
ENSEMBL,contig,0.009831
ENSEMBL,contig,0.009893
ENSEMBL,contig,0.008073
ENSEMBL,contig,0.088285
ENSEMBL,contig,0.203159
ENSEMBL,contig,0.003328
ENSEMBL,contig,0.253381
ENSEMBL,contig,0.229896
ENSEMBL,contig,0.037775
ENSEMBL,contig,0.006439
ENSEMBL,contig,0.012276
ENSEMBL,contig,0.002257
ENSEMBL,contig,0.006783
ENSEMBL,contig,0.178151
ENSEMBL,contig,0.269272
ENSEMBL,contig,0.240342
ENSEMBL,contig,0.567269
ENSEMBL,contig,0.005325
ENSEMBL,contig,0.818404
ENSEMBL,contig,0.032027
ENSEMBL,contig,0.180526
ENSEMBL,contig,0.033316
ENSEMBL,contig,1.942019
ENSEMBL,contig,0.014931
ENSEMBL,contig,0.014182
ENSEMBL,contig,0.002112
ENSEMBL,contig,0.027584
ENSEMBL,contig,0.161244
ENSEMBL,contig,0.047241
ENSEMBL,contig,0.003277
ENSEMBL,contig,0.004731
ENSEMBL,contig,0.0067
ENSEMBL,contig,0.015889
ENSEMBL,contig,0.565223
ENSEMBL,contig,0.041139
ENSEMBL,contig,0.045296
ENSEMBL,contig,0.821661
ENSEMBL,contig,0.126382
ENSEMBL,contig,0.717826
ENSEMBL,contig,0.704773
ENSEMBL,contig,0.218723
ENSEMBL,contig,0.105021
ENSEMBL,contig,0.34491
ENSEMBL,contig,0.023583
ENSEMBL,contig,0.011385
ENSEMBL,contig,0.003312
ENSEMBL,contig,0.004997
ENSEMBL,contig,0.000978
ENSEMBL,contig,0.307614
ENSEMBL,contig,0.004124
ENSEMBL,contig,0.053511
ENSEMBL,contig,0.012081
ENSEMBL,contig,0.051713
ENSEMBL,contig,0.001211
ENSEMBL,contig,0.065182
ENSEMBL,contig,0.000928
ENSEMBL,contig,0.032307
ENSEMBL,contig,0.004962
ENSEMBL,contig,0.016136
ENSEMBL,contig,0.690095
ENSEMBL,contig,0.004382
ENSEMBL,contig,0.007327
ENSEMBL,contig,0.054784
ENSEMBL,contig,0.047251
ENSEMBL,contig,0.005054
ENSEMBL,contig,0.005538
ENSEMBL,contig,0.02342
ENSEMBL,contig,0.022551
ENSEMBL,contig,0.410218
ENSEMBL,contig,0.138126
ENSEMBL,contig,0.250912
ENSEMBL,contig,1.086735
ENSEMBL,contig,0.034969
ENSEMBL,contig,0.39156
ENSEMBL,contig,0.372698
ENSEMBL,contig,2.365144
ENSEMBL,contig,0.060852
ENSEMBL,contig,0.032318
ENSEMBL,contig,1.108668
ENSEMBL,contig,0.013479
ENSEMBL,contig,0.070931
ENSEMBL,contig,0.022536
ENSEMBL,contig,0.945843
ENSEMBL,contig,0.107441
ENSEMBL,contig,0.156302
ENSEMBL,contig,0.033484
ENSEMBL,contig,0.024615
ENSEMBL,contig,1.566978
ENSEMBL,contig,0.122816
ENSEMBL,contig,0.414434
ENSEMBL,contig,0.645504
ENSEMBL,contig,0.05283
ENSEMBL,contig,0.002465
ENSEMBL,contig,0.003705
ENSEMBL,contig,2.809567
ENSEMBL,contig,0.452561
ENSEMBL,contig,2.192236
ENSEMBL,contig,1.129793
ENSEMBL,contig,0.003637
ENSEMBL,contig,0.015573
ENSEMBL,contig,0.015836
ENSEMBL,contig,0.016373
ENSEMBL,contig,0.012478
ENSEMBL,contig,0.833705
ENSEMBL,contig,0.086373
ENSEMBL,contig,0.297388
ENSEMBL,contig,0.019357
ENSEMBL,contig,0.616791
ENSEMBL,contig,0.304245
ENSEMBL,contig,0.064427
ENSEMBL,contig,0.133373
ENSEMBL,contig,0.044244
ENSEMBL,contig,0.029301
ENSEMBL,contig,0.012348
ENSEMBL,contig,0.010399
ENSEMBL,contig,0.008176
ENSEMBL,contig,0.018514
ENSEMBL,contig,0.065795
ENSEMBL,contig,0.025427
ENSEMBL,contig,0.184683
ENSEMBL,contig,1.113449
ENSEMBL,contig,1.554882
ENSEMBL,contig,0.027864
ENSEMBL,contig,0.044111
ENSEMBL,contig,0.02334
ENSEMBL,contig,0.160914
ENSEMBL,contig,0.647009
ENSEMBL,contig,1.266995
ENSEMBL,contig,0.101318
ENSEMBL,contig,0.618528
ENSEMBL,contig,0.025689
ENSEMBL,contig,0.440911
ENSEMBL,contig,0.187713
ENSEMBL,contig,0.426544
ENSEMBL,contig,0.332217
ENSEMBL,contig,0.196471
ENSEMBL,contig,0.007878
ENSEMBL,contig,0.023894
ENSEMBL,contig,0.042628
ENSEMBL,contig,0.653554
ENSEMBL,contig,0.044091
ENSEMBL,contig,0.043623
ENSEMBL,contig,0.044981
ENSEMBL,contig,0.06727
ENSEMBL,contig,1.192247
ENSEMBL,contig,0.040956
ENSEMBL,contig,0.041106
ENSEMBL,contig,0.048452
ENSEMBL,contig,0.044019
ENSEMBL,contig,0.05532
ENSEMBL,contig,0.212225
ENSEMBL,contig,0.043811
ENSEMBL,contig,0.091021
ENSEMBL,contig,0.072361
ENSEMBL,contig,0.133089
ENSEMBL,contig,0.244596
ENSEMBL,contig,0.319158
ENSEMBL,contig,0.047514
ENSEMBL,contig,0.01025
ENSEMBL,contig,0.515901
ENSEMBL,contig,0.089203
ENSEMBL,contig,0.245461
ENSEMBL,contig,0.030158
ENSEMBL,contig,0.00464
ENSEMBL,contig,0.019579
ENSEMBL,contig,0.076475
ENSEMBL,contig,0.053086
ENSEMBL,contig,0.016412
ENSEMBL,contig,0.088036
ENSEMBL,contig,1.283661
ENSEMBL,contig,0.626571
ENSEMBL,contig,0.003591
ENSEMBL,contig,0.002663
ENSEMBL,contig,0.014848
ENSEMBL,contig,0.119702
ENSEMBL,contig,0.178162
ENSEMBL,contig,0.312592
ENSEMBL,contig,0.044411
ENSEMBL,contig,0.074603
ENSEMBL,contig,0.916376
ENSEMBL,contig,0.139554
ENSEMBL,contig,0.14841
ENSEMBL,contig,0.005345
JGI1K,contig,0.717378
JGI1K,contig,1.063303
JGI1K,contig,0.016501
JGI1K,contig,0.127248
JGI1K,contig,0.460133
JGI1K,contig,0.511692
JGI1K,contig,0.700175
JGI1K,contig,0.044091
JGI1K,contig,3.960208
JGI1K,contig,0.053724
JGI1K,contig,0.009634
JGI1K,contig,4.268893
JGI1K,contig,0.05365
JGI1K,contig,2.792613
JGI1K,contig,0.168044
JGI1K,contig,0.03302
JGI1K,contig,0.068918
JGI1K,contig,0.572634
JGI1K,contig,0.423558
JGI1K,contig,1.304537
JGI1K,contig,0.659871
JGI1K,contig,0.037705
JGI1K,contig,0.023763
JGI1K,contig,0.098596
JGI1K,contig,0.91261
JGI1K,contig,0.511452
JGI1K,contig,0.01907
JGI1K,contig,0.044952
JGI1K,contig,0.07025
JGI1K,contig,0.242429
JGI1K,contig,0.028197
JGI1K,contig,0.072566
JGI1K,contig,0.001977
JGI1K,contig,0.075751
JGI1K,contig,0.022185
JGI1K,contig,1.101476
JGI1K,contig,0.07088
JGI1K,contig,0.100222
JGI1K,contig,1.183779
JGI1K,contig,0.263967
JGI1K,contig,0.271332
JGI1K,contig,0.74838
JGI1K,contig,0.256931
JGI1K,contig,0.575098
JGI1K,contig,0.331432
JGI1K,contig,0.138054
JGI1K,contig,0.364814
JGI1K,contig,0.316887
JGI1K,contig,0.173979
JGI1K,contig,0.086005
JGI1K,contig,0.157815
JGI1K,contig,0.158252
JGI1K,contig,0.103944
JGI1K,contig,0.283382
JGI1K,contig,0.158252
JGI1K,contig,0.054746
JGI1K,contig,0.106297
JGI1K,contig,0.305711
JGI1K,contig,0.076606
JGI1K,contig,0.112628
JGI1K,contig,0.084465
JGI1K,contig,0.347847
JGI1K,contig,0.053311
JGI1K,contig,0.248438
JGI1K,contig,0.038438
JGI1K,contig,0.53447
JGI1K,contig,0.462265
JGI1K,contig,0.103384
JGI1K,contig,0.064245
JGI1K,contig,0.435715
JGI1K,contig,0.424407
JGI1K,contig,0.102276
JGI1K,contig,0.083933
JGI1K,contig,0.269379
JGI1K,contig,0.248552
JGI1K,contig,0.03923
JGI1K,contig,0.357164
JGI1K,contig,0.17922
JGI1K,contig,0.348196
JGI1K,contig,0.176172
JGI1K,contig,0.227239
JGI1K,contig,0.292368
JGI1K,contig,0.117195
JGI1K,contig,0.054835
JGI1K,contig,0.14973
JGI1K,contig,0.224628
JGI1K,contig,0.116923
JGI1K,contig,0.333643
JGI1K,contig,0.316433
JGI1K,contig,0.131807
JGI1K,contig,0.212552
JGI1K,contig,0.102705
JGI1K,contig,0.034903
JGI1K,contig,0.272176
JGI1K,contig,1.808584
JGI1K,contig,0.032786
JGI1K,contig,0.530656
JGI1K,contig,0.006856
JGI1K,contig,0.826857
JGI1K,contig,0.040833
JGI1K,contig,0.00923
JGI1K,contig,0.100907
JGI1K,contig,0.105018
JGI1K,contig,0.65933
JGI1K,contig,0.761291
JGI1K,contig,0.006409
JGI1K,contig,0.11582
JGI1K,contig,0.079418
JGI1K,contig,0.180706
JGI1K,contig,0.051308
JGI1K,contig,0.262828
JGI1K,contig,0.114963
JGI1K,contig,0.269884
JGI1K,contig,0.229866
JGI1K,contig,1.0375
JGI1K,contig,0.106766
JGI1K,contig,0.129635
JGI1K,contig,0.361521
JGI1K,contig,0.088736
JGI1K,contig,1.150211
JGI1K,contig,0.122121
JGI1K,contig,1.08629
JGI1K,contig,0.031723
JGI1K,contig,0.171425
JGI1K,contig,0.186141
JGI1K,contig,0.211406
JGI1K,contig,0.60286
JGI1K,contig,0.662511
JGI1K,contig,0.049418
JGI1K,contig,0.174767
JGI1K,contig,1.184314
JGI1K,contig,0.096078
JGI1K,contig,0.113468
JGI1K,contig,0.026128
JGI1K,contig,0.188567
JGI1K,contig,0.144117
JGI1K,contig,0.102432
JGI1K,contig,0.178176
JGI1K,contig,0.551806
JGI1K,contig,0.162432
JGI1K,contig,0.350819
JGI1K,contig,0.02981
JGI1K,contig,0.316818
JGI1K,contig,0.045061
JGI1K,contig,0.066445
JGI1K,contig,0.010891
JGI1K,contig,0.195273
JGI1K,contig,1.174309
JGI1K,contig,0.145422
JGI1K,contig,0.247038
JGI1K,contig,0.732385
JGI1K,contig,0.119578
JGI1K,contig,0.085793
JGI1K,contig,0.012864
JGI1K,contig,0.764283
JGI1K,contig,0.115999
JGI1K,contig,0.405407
JGI1K,contig,0.086182
JGI1K,contig,1.377886
JGI1K,contig,0.043284
JGI1K,contig,0.121431
JGI1K,contig,4.147502
JGI1K,contig,1.957276
JGI1K,contig,0.142532
JGI1K,contig,0.074006
JGI1K,contig,0.135569
JGI1K,contig,0.696862
JGI1K,contig,0.312448
JGI1K,contig,0.062348
JGI1K,contig,0.028668
JGI1K,contig,0.059903
JGI1K,contig,0.021696
JGI1K,contig,0.062218
JGI1K,contig,0.112293
JGI1K,contig,0.137906
JGI1K,contig,1.406602
JGI1K,contig,0.198517
JGI1K,contig,0.217705
JGI1K,contig,1.55998
JGI1K,contig,0.837348
JGI1K,contig,0.438381
JGI1K,contig,2.244029
JGI1K,contig,1.627846
JGI1K,contig,2.466664
JGI1K,contig,0.082371
JGI1K,contig,0.039197
JGI1K,contig,0.002154
JGI1K,contig,0.675773
JGI1K,contig,0.619687
JGI1K,contig,0.86826
JGI1K,contig,0.064927
JGI1K,contig,3.805832
JGI1K,contig,0.089557
JGI1K,contig,0.053715
JGI1K,contig,5.174709
JGI1K,contig,4.524891
JGI1K,contig,0.097578
JGI1K,contig,0.067137
JGI1K,contig,0.051839
JGI1K,contig,1.492331
JGI1K,contig,0.961643
JGI1K,contig,0.93446
JGI1K,contig,0.055632
JGI1K,contig,0.755867
JGI1K,contig,0.297585
JGI1K,contig,0.108703
JGI1K,contig,0.09638
JGI1K,contig,0.017801
JGI1K,contig,0.166139
JGI1K,contig,0.620759
JGI1K,contig,2.015047
JGI1K,contig,1.488603
JGI1K,contig,0.061462
JGI1K,contig,0.085296
JGI1K,contig,0.157555
JGI1K,contig,1.281477
JGI1K,contig,0.061829
JGI1K,contig,0.087329
JGI1K,contig,0.325059
JGI1K,contig,0.080774
JGI1K,contig,0.231293
JGI1K,contig,3.535223
JGI1K,contig,0.077726
JGI1K,contig,0.053191
JGI1K,contig,0.066211
JGI1K,contig,0.718694
JGI1K,contig,0.36293
JGI1K,contig,0.037787
JGI1K,contig,0.162255
JGI1K,contig,0.399519
JGI1K,contig,0.546302
JGI1K,contig,4.308866
JGI1K,contig,0.185932
JGI1K,contig,0.051677
JGI1K,contig,0.223591
JGI1K,contig,0.065092
JGI1K,contig,0.049534
JGI1K,contig,0.263538
JGI1K,contig,0.064372
JGI1K,contig,0.564706
JGI1K,contig,0.335546
JGI1K,contig,0.127911
JGI1K,contig,0.035667
JGI1K,contig,0.035052
JGI1K,contig,0.11882
JGI1K,contig,0.042845
JGI1K,contig,0.27005
JGI1K,contig,0.080153
JGI1K,contig,0.513732
JGI1K,contig,0.075654
JGI1K,contig,0.153416
JGI1K,contig,0.738067
JGI1K,contig,0.053787
JGI1K,contig,0.033184
JGI1K,contig,0.051234
JGI1K,contig,0.076495
JGI1K,contig,0.171913
JGI1K,contig,0.038762
JGI1K,contig,0.793795
JGI1K,contig,0.318423
JGI1K,contig,0.04592
JGI1K,contig,0.918691
JGI1K,contig,0.208695
JGI1K,contig,0.031272
JGI1K,contig,0.183561
JGI1K,contig,0.036564
JGI1K,contig,0.048308
JGI1K,contig,0.111491
JGI1K,contig,0.03111
JGI1K,contig,0.124215
JGI1K,contig,0.186417
JGI1K,contig,0.083488
JGI1K,contig,0.0433
JGI1K,contig,1.022767
JGI1K,contig,0.918039
JGI1K,contig,0.089949
JGI1K,contig,0.06519
JGI1K,contig,0.079036
JGI1K,contig,1.261931
JGI1K,contig,1.720969
JGI1K,contig,0.064601
JGI1K,contig,0.555948
JGI1K,contig,0.150742
JGI1K,contig,0.401682
JGI1K,contig,0.184584
JGI1K,contig,0.799107
JGI1K,contig,0.011459
JGI1K,contig,0.059207
JGI1K,contig,0.174707
JGI1K,contig,0.028028
JGI1K,contig,1.447014
JGI1K,contig,1.367808
JGI1K,contig,0.370739
JGI1K,contig,0.054857
JGI1K,contig,0.570316
JGI1K,contig,0.303955
JGI1K,contig,0.093529
JGI1K,contig,0.096234
JGI1K,contig,0.044342
JGI1K,contig,0.162523
JGI1K,contig,0.041365
JGI1K,contig,1.74189
JGI1K,contig,0.033616
JGI1K,contig,0.707067
JGI1K,contig,0.0876
JGI1K,contig,0.020143
JGI1K,contig,0.218081
JGI1K,contig,0.080445
JGI1K,contig,0.090843
JGI1K,contig,0.029701
JGI1K,contig,0.086
JGI1K,contig,0.199295
JGI1K,contig,0.015958
JGI1K,contig,0.056598
JGI1K,contig,0.046602
JGI1K,contig,0.054252
JGI1K,contig,0.49843
JGI1K,contig,1.540565
JGI1K,contig,0.591938
JGI1K,contig,1.048207
JGI1K,contig,0.075228
JGI1K,contig,0.178096
JGI1K,contig,0.041305
JGI1K,contig,0.00226
JGI1K,contig,0.039591
JGI1K,contig,0.235808
JGI1K,contig,0.286808
JGI1K,contig,0.261184
JGI1K,contig,0.008973
JGI1K,contig,0.243022
JGI1K,contig,0.023468
JGI1K,contig,0.045906
JGI1K,contig,0.592906
JGI1K,contig,0.753155
JGI1K,contig,0.279204
JGI1K,contig,2.672048
JGI1K,contig,0.121839
JGI1K,contig,3.288859
JGI1K,contig,0.271114
JGI1K,contig,5.983176
JGI1K,contig,1.192196
JGI1K,contig,0.144805
JGI1K,contig,2.123557
JGI1K,contig,0.97039
JGI1K,contig,1.275391
JGI1K,contig,0.197253
JGI1K,contig,0.663729
JGI1K,contig,0.033424
JGI1K,contig,0.050304
JGI1K,contig,0.058708
JGI1K,contig,1.597356
JGI1K,contig,0.045765
JGI1K,contig,0.084218
JGI1K,contig,0.032389
JGI1K,contig,0.486448
JGI1K,contig,0.110284
JGI1K,contig,0.506326
JGI1K,contig,0.132826
JGI1K,contig,3.198487
JGI1K,contig,2.582002
JGI1K,contig,2.725966
JGI1K,contig,1.199124
JGI1K,contig,0.413964
JGI1K,contig,7.164496
JGI1K,contig,0.720426
JGI1K,contig,0.725495
JGI1K,contig,0.086239
JGI1K,contig,0.275523
JGI1K,contig,0.146388
JGI1K,contig,0.141391
JGI1K,contig,0.258404
JGI1K,contig,0.1021
JGI1K,contig,1.933923
JGI1K,contig,0.208792
JGI1K,contig,0.16624
JGI1K,contig,0.504317
JGI1K,contig,0.058914
JGI1K,contig,0.003275
JGI1K,contig,0.019009
JGI1K,contig,0.085606
JGI1K,contig,0.18141
JGI1K,contig,0.298905
JGI1K,contig,0.108738
JGI1K,contig,0.324122
JGI1K,contig,0.035939
JGI1K,contig,0.074097
JGI1K,contig,0.024575
JGI1K,contig,0.09382
JGI1K,contig,0.379511
JGI1K,contig,0.051371
JGI1K,contig,0.176515
JGI1K,contig,0.168593
JGI1K,contig,0.118327
JGI1K,contig,1.208479
JGI1K,contig,1.163724
JGI1K,contig,0.01807
JGI1K,contig,0.221531
JGI1K,contig,0.372458
JGI1K,contig,1.476028
JGI1K,contig,0.242138
JGI1K,contig,2.287648
JGI1K,contig,0.152389
JGI1K,contig,1.285738
JGI1K,contig,0.121669
JGI1K,contig,0.00615
JGI1K,contig,0.531366
JGI1K,contig,0.077811
JGI1K,contig,0.086591
JGI1K,contig,0.588451
JGI1K,contig,0.136969
JGI1K,contig,0.064749
JGI1K,contig,0.06352
JGI1K,contig,0.01627
JGI1K,contig,0.040503
JGI1K,contig,0.4616
JGI1K,contig,0.468519
JGI1K,contig,0.042778
JGI1K,contig,0.094092
JGI1K,contig,0.168008
JGI1K,contig,0.06959
JGI1K,contig,0.786717
JGI1K,contig,0.225744
JGI1K,contig,0.199803
JGI1K,contig,0.114207
JGI1K,contig,0.155745
JGI1K,contig,0.798022
JGI1K,contig,0.134656
JGI1K,contig,0.328901
JGI1K,contig,0.79222
JGI1K,contig,0.686893
JGI1K,contig,0.105023
JGI1K,contig,0.276911
JGI1K,contig,0.466155
JGI1K,contig,1.483984
JGI1K,contig,0.041056
JGI1K,contig,0.29694
JGI1K,contig,0.041805
JGI1K,contig,0.03097
JGI1K,contig,0.089711
JGI1K,contig,0.101028
JGI1K,contig,2.047133
JGI1K,contig,3.218653
JGI1K,contig,5.008988
JGI1K,contig,1.458588
JGI1K,contig,0.270796
JGI1K,contig,0.063766
JGI1K,contig,0.493818
JGI1K,contig,0.361277
JGI1K,contig,0.286058
JGI1K,contig,0.215322
JGI1K,contig,0.64632
JGI1K,contig,0.141422
JGI1K,contig,0.19369
JGI1K,contig,0.06091
JGI1K,contig,0.053666
JGI1K,contig,1.115883
JGI1K,contig,0.013818
JGI1K,contig,0.091821
JGI1K,contig,0.150874
JGI1K,contig,0.00111
JGI1K,contig,0.028284
JGI1K,contig,0.015192
JGI1K,contig,0.350079
JGI1K,contig,0.117074
JGI1K,contig,0.464522
JGI1K,contig,0.217313
JGI1K,contig,0.185393
JGI1K,contig,0.123536
JGI1K,contig,0.029786
JGI1K,contig,0.035868
JGI1K,contig,0.047643
JGI1K,contig,0.044866
JGI1K,contig,0.039652
JGI1K,contig,0.314333
JGI1K,contig,1.372759
JGI1K,contig,0.099873
JGI1K,contig,0.033685
JGI1K,contig,0.898597
JGI1K,contig,0.22639
JGI1K,contig,0.10489
JGI1K,contig,0.263829
JGI1K,contig,0.746354
JGI1K,contig,0.563832
JGI1K,contig,0.054998
JGI1K,contig,0.450817
JGI1K,contig,0.013528
JGI1K,contig,0.032922
JGI1K,contig,0.295687
JGI1K,contig,1.415478
JGI1K,contig,0.119673
JGI1K,contig,0.592034
JGI1K,contig,0.053644
JGI1K,contig,1.22438
JGI1K,contig,0.037992
JGI1K,contig,0.166447
JGI1K,contig,0.74921
JGI1K,contig,0.550962
JGI1K,contig,0.093628
JGI1K,contig,0.40622
JGI1K,contig,0.223455
JGI1K,contig,0.017367
JGI1K,contig,0.024479
JGI1K,contig,0.596862
JGI1K,contig,0.068489
JGI1K,contig,1.235355
JGI1K,contig,0.612622
JGI1K,contig,0.598506
JGI1K,contig,0.165911
JGI1K,contig,0.34113
JGI1K,contig,0.02324
JGI1K,contig,0.002946
JGI1K,contig,0.469452
JGI1K,contig,1.193033
JGI1K,contig,0.227681
JGI1K,contig,1.472909
JGI1K,contig,0.021537
JGI1K,contig,0.649139
JGI1K,contig,2.816478
JGI1K,contig,1.922292
JGI1K,contig,0.021537
JGI1K,contig,0.089147
JGI1K,contig,0.416383
JGI1K,contig,0.03135
JGI1K,contig,0.438164
JGI1K,contig,0.00146
JGI1K,contig,0.080317
JGI1K,contig,0.079043
JGI1K,contig,0.090557
JGI1K,contig,0.106923
JGI1K,contig,0.653617
JGI1K,contig,0.146446
JGI1K,contig,0.176047
JGI1K,contig,0.68579
JGI1K,contig,0.771758
JGI1K,contig,0.242036
JGI1K,contig,1.435247
JGI1K,contig,0.071863
JGI1K,contig,0.048887
JGI1K,contig,0.100962
JGI1K,contig,0.74041
JGI1K,contig,0.683651
JGI1K,contig,0.140814
JGI1K,contig,0.205969
JGI1K,contig,0.216035
JGI1K,contig,0.293328
JGI1K,contig,0.604724
JGI1K,contig,0.410117
JGI1K,contig,0.48283
JGI1K,contig,0.15717
JGI1K,contig,0.059983
JGI1K,contig,0.969267
JGI1K,contig,0.413182
JGI1K,contig,1.350366
JGI1K,contig,0.291726
JGI1K,contig,0.077033
JGI1K,contig,1.030599
JGI1K,contig,0.591195
JGI1K,contig,0.213751
JGI1K,contig,1.631726
JGI1K,contig,0.641401
JGI1K,contig,0.656841
JGI1K,contig,0.701041
JGI1K,contig,0.037699
JGI1K,contig,0.277208
JGI1K,contig,0.395914
JGI1K,contig,0.16712
JGI1K,contig,0.250249
JGI1K,contig,0.063523
JGI1K,contig,0.068496
JGI1K,contig,0.002084
JGI1K,contig,0.109825
JGI1K,contig,0.033218
JGI1K,contig,0.107636
JGI1K,contig,2.092831
JGI1K,contig,0.404138
JGI1K,contig,0.114504
JGI1K,contig,1.799488
JGI1K,contig,0.216176
JGI1K,contig,0.129996
JGI1K,contig,1.055474
JGI1K,contig,0.048487
JGI1K,contig,0.05543
JGI1K,contig,1.066307
JGI1K,contig,0.473527
JGI1K,contig,0.052675
JGI1K,contig,0.032817
JGI1K,contig,0.045116
JGI1K,contig,0.587198
JGI1K,contig,0.045176
JGI1K,contig,0.064892
JGI1K,contig,0.35505
JGI1K,contig,0.653358
JGI1K,contig,0.054071
JGI1K,contig,0.034524
JGI1K,contig,0.153007
JGI1K,contig,0.53295
JGI1K,contig,1.212808
JGI1K,contig,0.073854
JGI1K,contig,0.0746
JGI1K,contig,0.639549
JGI1K,contig,0.229145
JGI1K,contig,0.030379
JGI1K,contig,0.02218
JGI1K,contig,0.039125
JGI1K,contig,0.771428
JGI1K,contig,0.045577
JGI1K,contig,0.288414
JGI1K,contig,0.930621
JGI1K,contig,0.440166
JGI1K,contig,0.5142
JGI1K,contig,1.183912
JGI1K,contig,0.316103
JGI1K,contig,0.060255
JGI1K,contig,0.044859
JGI1K,contig,2.742797
JGI1K,contig,0.120357
JGI1K,contig,1.528033
JGI1K,contig,0.128358
JGI1K,contig,0.287481
JGI1K,contig,0.321256
JGI1K,contig,0.018577
JGI1K,contig,0.379259
JGI1K,contig,2.2635
JGI1K,contig,0.017119
JGI1K,contig,3.39797
JGI1K,contig,0.443766
JGI1K,contig,0.419645
JGI1K,contig,0.05638
JGI1K,contig,0.387715
JGI1K,contig,0.051757
JGI1K,contig,0.223302
JGI1K,contig,0.015856
JGI1K,contig,0.047763
JGI1K,contig,0.035618
JGI1K,contig,0.268377
JGI1K,contig,0.077149
JGI1K,contig,0.321896
JGI1K,contig,0.041528
JGI1K,contig,0.039752
JGI1K,contig,0.871501
JGI1K,contig,0.096742
JGI1K,contig,1.32894
JGI1K,contig,0.153666
JGI1K,contig,1.003792
JGI1K,contig,1.183121
JGI1K,contig,0.056603
JGI1K,contig,0.103403
JGI1K,contig,0.082722
JGI1K,contig,0.235091
JGI1K,contig,1.274763
JGI1K,contig,0.698218
JGI1K,contig,0.030979
JGI1K,contig,0.011692
JGI1K,contig,0.053658
JGI1K,contig,0.07795
JGI1K,contig,0.034032
JGI1K,contig,0.095559
JGI1K,contig,0.127219
JGI1K,contig,0.223509
JGI1K,contig,2.304714
JGI1K,contig,0.249339
JGI1K,contig,0.193186
JGI1K,contig,0.687687
JGI1K,contig,0.399095
JGI1K,contig,1.073981
JGI1K,contig,0.130201
JGI1K,contig,0.098595
JGI1K,contig,0.084633
JGI1K,contig,0.058495
JGI1K,contig,0.071104
JGI1K,contig,0.173204
JGI1K,contig,0.043742
JGI1K,contig,0.24679
JGI1K,contig,0.013524
JGI1K,contig,0.050834
JGI1K,contig,0.118732
JGI1K,contig,1.436927
JGI1K,contig,3.365941
JGI1K,contig,0.074291
JGI1K,contig,0.536196
JGI1K,contig,2.895294
JGI1K,contig,0.063533
JGI1K,contig,0.226884
JGI1K,contig,0.111349
JGI1K,contig,0.028054
JGI1K,contig,0.023264
JGI1K,contig,0.159591
JGI1K,contig,0.207696
JGI1K,contig,0.196434
JGI1K,contig,0.915218
JGI1K,contig,4.589084
JGI1K,contig,1.191568
JGI1K,contig,0.039681
JGI1K,contig,1.581104
JGI1K,contig,0.017449
JGI1K,contig,0.074671
JGI1K,contig,0.066708
JGI1K,contig,0.080208
JGI1K,contig,0.045852
JGI1K,contig,0.091385
JGI1K,contig,0.056889
JGI1K,contig,0.078872
JGI1K,contig,0.074613
JGI1K,contig,0.351148
JGI1K,contig,0.297992
JGI1K,contig,0.658794
JGI1K,contig,0.252777
JGI1K,contig,0.294635
JGI1K,contig,0.437632
JGI1K,contig,1.225588
JGI1K,contig,0.159569
JGI1K,contig,0.097658
JGI1K,contig,0.093286
JGI1K,contig,0.229357
JGI1K,contig,0.002252
JGI1K,contig,0.012248
JGI1K,contig,0.252055
JGI1K,contig,0.009263
JGI1K,contig,0.178735
JGI1K,contig,0.084508
JGI1K,contig,0.304633
JGI1K,contig,0.054349
JGI1K,contig,0.149662
JGI1K,contig,0.292295
JGI1K,contig,0.031949
JGI1K,contig,0.821087
JGI1K,contig,0.16946
JGI1K,contig,0.56594
JGI1K,contig,0.856705
JGI1K,contig,0.068878
JGI1K,contig,0.020519
JGI1K,contig,1.01014
JGI1K,contig,0.01414
JGI1K,contig,0.218081
JGI1K,contig,0.13234
JGI1K,contig,0.123563
JGI1K,contig,0.011297
JGI1K,contig,0.012327
JGI1K,contig,0.009117
JGI1K,contig,0.01211
JGI1K,contig,0.011488
JGI1K,contig,1.027358
JGI1K,contig,0.201081
JGI1K,contig,0.041042
JGI1K,contig,0.04519
JGI1K,contig,0.042238
JGI1K,contig,0.030211
JGI1K,contig,0.308292
JGI1K,contig,0.006632
JGI1K,contig,0.015852
JGI1K,contig,0.03591
JGI1K,contig,0.824355
JGI1K,contig,0.065896
JGI1K,contig,0.059401
JGI1K,contig,0.107927
JGI1K,contig,0.580954
JGI1K,contig,0.098905
JGI1K,contig,0.555824
JGI1K,contig,0.075492
JGI1K,contig,0.126086
JGI1K,contig,0.218211
JGI1K,contig,0.1178
JGI1K,contig,0.420971
JGI1K,contig,0.702767
JGI1K,contig,0.698464
JGI1K,contig,0.091453
JGI1K,contig,0.113786
JGI1K,contig,0.042995
JGI1K,contig,0.053906
JGI1K,contig,0.150848
JGI1K,contig,0.011357
JGI1K,contig,0.003246
JGI1K,contig,0.037289
JGI1K,contig,0.047084
JGI1K,contig,0.092693
JGI1K,contig,0.18597
JGI1K,contig,0.031729
JGI1K,contig,0.053273
JGI1K,contig,0.935368
JGI1K,contig,0.279493
JGI1K,contig,0.22619
JGI1K,contig,0.26133
JGI1K,contig,0.347114
JGI1K,contig,0.267715
JGI1K,contig,0.0202
JGI1K,contig,0.130126
JGI1K,contig,0.411563
JGI1K,contig,0.017791
JGI1K,contig,0.086002
JGI1K,contig,1.568799
JGI1K,contig,0.020513
JGI1K,contig,0.021661
JGI1K,contig,0.344747
JGI1K,contig,0.371823
JGI1K,contig,2.359605
JGI1K,contig,0.034887
JGI1K,contig,4.048549
JGI1K,contig,0.061052
JGI1K,contig,0.139886
JGI1K,contig,0.264869
JGI1K,contig,1.02997
JGI1K,contig,0.103033
JGI1K,contig,0.071163
JGI1K,contig,0.045195
JGI1K,contig,0.415793
JGI1K,contig,0.067431
JGI1K,contig,0.118249
JGI1K,contig,0.214942
JGI1K,contig,1.210712
JGI1K,contig,0.009585
JGI1K,contig,0.022549
JGI1K,contig,0.071343
JGI1K,contig,0.107192
JGI1K,contig,0.079693
JGI1K,contig,0.218358
JGI1K,contig,0.153344
JGI1K,contig,0.155936
JGI1K,contig,0.033593
JGI1K,contig,1.680279
JGI1K,contig,0.009284
JGI1K,contig,0.012746
JGI1K,contig,0.013301
JGI1K,contig,1.449888
JGI1K,contig,1.856572
JGI1K,contig,0.196557
JGI1K,contig,1.572116
JGI1K,contig,0.123218
JGI1K,contig,0.178539
JGI1K,contig,0.643992
JGI1K,contig,0.187579
JGI1K,contig,0.043135
JGI1K,contig,0.528675
JGI1K,contig,0.067091
JGI1K,contig,0.002494
JGI1K,contig,0.284146
JGI1K,contig,0.089594
JGI1K,contig,0.603936
JGI1K,contig,0.221645
JGI1K,contig,0.350995
JGI1K,contig,0.831753
JGI1K,contig,0.298364
JGI1K,contig,0.086042
JGI1K,contig,0.321435
JGI1K,contig,0.039429
JGI1K,contig,0.036956
JGI1K,contig,0.034045
JGI1K,contig,0.164952
JGI1K,contig,0.140089
JGI1K,contig,0.04578
JGI1K,contig,0.068384
JGI1K,contig,0.078656
JGI1K,contig,0.673426
JGI1K,contig,0.063092
JGI1K,contig,0.066031
JGI1K,contig,0.08755
JGI1K,contig,0.265123
JGI1K,contig,1.015743
JGI1K,contig,0.469083
JGI1K,contig,0.08026
JGI1K,contig,0.076203
JGI1K,contig,0.63641
JGI1K,contig,0.900217
JGI1K,contig,1.271549
JGI1K,contig,0.034398
JGI1K,contig,0.124296
JGI1K,contig,0.066316
JGI1K,contig,0.105672
JGI1K,contig,0.221837
JGI1K,contig,0.135418
JGI1K,contig,0.390343
JGI1K,contig,0.605395
JGI1K,contig,0.029697
JGI1K,contig,0.062467
JGI1K,contig,0.420207
JGI1K,contig,0.269556
JGI1K,contig,0.304625
JGI1K,contig,0.455555
JGI1K,contig,0.126009
JGI1K,contig,0.380918
JGI1K,contig,0.029168
JGI1K,contig,0.065641
JGI1K,contig,0.534633
JGI1K,contig,0.500757
JGI1K,contig,0.303741
JGI1K,contig,0.989265
JGI1K,contig,0.350763
JGI1K,contig,0.102772
JGI1K,contig,0.33048
JGI1K,contig,0.274953
JGI1K,contig,0.096734
JGI1K,contig,0.325976
JGI1K,contig,0.837681
JGI1K,contig,0.110897
JGI1K,contig,0.699717
JGI1K,contig,0.372081
JGI1K,contig,1.488039
JGI1K,contig,1.058105
JGI1K,contig,0.023033
JGI1K,contig,0.161441
JGI1K,contig,0.132894
JGI1K,contig,0.648989
JGI1K,contig,0.479474
JGI1K,contig,0.069956
JGI1K,contig,0.310658
JGI1K,contig,0.0912
JGI1K,contig,0.072187
JGI1K,contig,0.109933
JGI1K,contig,0.015151
JGI1K,contig,0.594474
JGI1K,contig,3.562032
JGI1K,contig,1.216945
JGI1K,contig,0.392203
JGI1K,contig,0.424607
JGI1K,contig,0.063206
JGI1K,contig,0.101081
JGI1K,contig,0.104125
JGI1K,contig,0.015363
JGI1K,contig,0.07857
JGI1K,contig,0.018165
JGI1K,contig,0.081518
JGI1K,contig,0.251522
JGI1K,contig,0.070414
JGI1K,contig,0.111766
JGI1K,contig,0.185675
JGI1K,contig,0.374082
JGI1K,contig,0.183198
JGI1K,contig,0.651043
JGI1K,contig,0.174177
JGI1K,contig,0.0437
JGI1K,contig,2.809741
JGI1K,contig,0.04458
JGI1K,contig,0.101726
JGI1K,contig,0.319151
JGI1K,contig,0.04767
JGI1K,contig,0.194488
JGI1K,contig,0.470996
JGI1K,contig,0.118877
JGI1K,contig,0.340629
JGI1K,contig,0.514693
JGI1K,contig,0.537758
JGI1K,contig,0.164072
JGI1K,contig,0.030087
JGI1K,contig,0.004244
JGI1K,contig,0.01971
JGI1K,contig,0.244886
JGI1K,contig,0.270361
JGI1K,contig,0.026019
JGI1K,contig,0.354577
JGI1K,contig,0.05523
JGI1K,contig,0.114046
JGI1K,contig,1.280565
JGI1K,contig,0.663476
JGI1K,contig,0.101606
JGI1K,contig,0.08783
JGI1K,contig,0.500067
JGI1K,contig,0.355847
JGI1K,contig,0.119421
JGI1K,contig,0.178746
JGI1K,contig,0.291107
JGI1K,contig,0.313617
JGI1K,contig,0.305385
JGI1K,contig,0.074165
JGI1K,contig,0.147963
JGI1K,contig,0.829598
JGI1K,contig,0.051048
JGI1K,contig,0.028013
JGI1K,contig,0.91423
JGI1K,contig,0.0439
JGI1K,contig,1.998104
JGI1K,contig,0.535833
JGI1K,contig,0.014863
JGI1K,contig,0.146111
JGI1K,contig,0.076721
JGI1K,contig,0.178907
JGI1K,contig,0.143868
JGI1K,contig,1.121747
JGI1K,contig,0.045336
JGI1K,contig,1.253363
JGI1K,contig,0.036778
JGI1K,contig,0.005333
JGI1K,contig,0.028426
FUNGIDB,contig,0.054567
FUNGIDB,contig,0.092339
FUNGIDB,contig,0.353396
FUNGIDB,contig,0.46335
FUNGIDB,contig,0.139376
FUNGIDB,contig,0.044332
FUNGIDB,contig,0.198068
FUNGIDB,contig,0.07374
FUNGIDB,contig,0.113315
FUNGIDB,contig,0.539838
FUNGIDB,contig,0.347058
FUNGIDB,contig,0.150918
FUNGIDB,contig,0.032442
FUNGIDB,contig,0.008704
FUNGIDB,contig,0.380757
FUNGIDB,contig,0.574372
FUNGIDB,contig,1.475826
FUNGIDB,contig,1.902377
FUNGIDB,contig,0.531901
FUNGIDB,contig,0.828798
FUNGIDB,contig,0.011551
FUNGIDB,contig,1.039936
FUNGIDB,contig,0.360339
FUNGIDB,contig,1.146925
FUNGIDB,contig,1.021414
FUNGIDB,contig,0.660346
FUNGIDB,contig,1.180444
FUNGIDB,contig,0.107813
FUNGIDB,contig,0.349533
FUNGIDB,contig,0.859472
FUNGIDB,contig,0.837417
FUNGIDB,contig,0.548547
FUNGIDB,contig,0.656644
FUNGIDB,contig,0.537186
FUNGIDB,contig,0.063696
FUNGIDB,contig,0.527698
FUNGIDB,contig,0.081115
FUNGIDB,contig,0.088302
FUNGIDB,contig,1.273791
FUNGIDB,contig,0.098284
FUNGIDB,contig,4.905065
FUNGIDB,contig,1.366394
FUNGIDB,contig,0.499299
FUNGIDB,contig,0.114101
FUNGIDB,contig,0.044749
FUNGIDB,contig,0.059566
FUNGIDB,contig,0.042706
FUNGIDB,contig,0.048188
FUNGIDB,contig,0.53421
FUNGIDB,contig,4.769268
FUNGIDB,contig,0.107367
FUNGIDB,contig,0.519197
FUNGIDB,contig,0.005944
FUNGIDB,contig,0.047935
FUNGIDB,contig,0.050463
FUNGIDB,contig,0.113226
FUNGIDB,contig,0.407188
FUNGIDB,contig,0.033333
FUNGIDB,contig,0.056424
FUNGIDB,contig,1.436299
FUNGIDB,contig,0.067518
FUNGIDB,contig,0.026351
FUNGIDB,contig,0.359839
FUNGIDB,contig,0.152965
FUNGIDB,contig,0.824402
FUNGIDB,contig,2.408474
FUNGIDB,contig,0.121569
FUNGIDB,contig,0.023529
FUNGIDB,contig,1.430557
FUNGIDB,contig,0.211218
FUNGIDB,contig,0.22254
FUNGIDB,contig,0.01075
FUNGIDB,contig,0.38337
FUNGIDB,contig,0.044798
FUNGIDB,contig,0.21547
FUNGIDB,contig,0.366893
FUNGIDB,contig,0.02056
FUNGIDB,contig,0.004139
FUNGIDB,contig,0.685439
FUNGIDB,contig,0.454526
FUNGIDB,contig,0.534201
FUNGIDB,contig,0.070981
FUNGIDB,contig,0.154027
FUNGIDB,contig,0.060324
FUNGIDB,contig,0.229896
FUNGIDB,contig,0.047216
FUNGIDB,contig,0.00742
FUNGIDB,contig,0.003805
FUNGIDB,contig,0.025094
FUNGIDB,contig,0.304264
FUNGIDB,contig,0.1183
FUNGIDB,contig,0.026305
FUNGIDB,contig,0.667928
FUNGIDB,contig,1.024051
FUNGIDB,contig,0.006979
FUNGIDB,contig,0.046832
FUNGIDB,contig,0.009337
FUNGIDB,contig,0.57846
FUNGIDB,contig,0.242828
FUNGIDB,contig,2.809567
FUNGIDB,contig,0.16393
FUNGIDB,contig,0.372772
FUNGIDB,contig,0.008457
FUNGIDB,contig,2.365676
FUNGIDB,contig,0.037433
FUNGIDB,contig,0.020399
FUNGIDB,contig,0.645504
FUNGIDB,contig,0.0025
FUNGIDB,contig,2.192236
FUNGIDB,contig,1.082476
FUNGIDB,contig,0.064428
FUNGIDB,contig,0.646868
FUNGIDB,contig,0.440911
FUNGIDB,contig,0.044244
FUNGIDB,contig,0.004254
FUNGIDB,contig,0.515901
